TransactionNo,TotalMoney
581483,1002718.1000000001
541431,840113.8
574941,184880.85
576365,184148.76
556917,172833.47999999998
567423,161373.58
563076,159953.82
572035,153882.12
563614,137836.8
562439,135571.26
